RK,NAME,TEAM,SALARY
1,"Stephen Curry, G",Golden State Warriors,"$59,606,817"
2,"Joel Embiid, C",Philadelphia 76ers,"$55,224,526"
3,"Nikola Jokic, C",Denver Nuggets,"$55,224,526"
4,"Kevin Durant, F",Houston Rockets,"$54,708,609"
5,"Anthony Davis, F",Dallas Mavericks,"$54,126,450"
6,"Karl-Anthony Towns, C",New York Knicks,"$54,126,450"
7,"Giannis Antetokounmpo, F",Milwaukee Bucks,"$54,126,450"
8,"Luka Doncic, G",Los Angeles Lakers,"$54,126,450"
9,"Jimmy Butler III, F",Golden State Warriors,"$54,126,450"
10,"Jayson Tatum, F",Boston Celtics,"$54,126,450"
11,"Devin Booker, G",Phoenix Suns,"$53,142,264"
12,"Jaylen Brown, G",Boston Celtics,"$53,142,264"
13,"LeBron James, F",Los Angeles Lakers,"$52,627,153"
14,"Paul George, F",Philadelphia 76ers,"$51,666,090"
15,"Kawhi Leonard, F",LA Clippers,"$50,000,000"
16,"Zach LaVine, G",Sacramento Kings,"$47,499,660"
17,"Trae Young, G",Washington Wizards,"$46,394,100"
18,"Lauri Markkanen, F",Utah Jazz,"$46,394,100"
19,"Cade Cunningham, G",Detroit Pistons,"$46,394,100"
20,"Jamal Murray, G",Denver Nuggets,"$46,394,100"
21,"Evan Mobley, C",Cleveland Cavaliers,"$46,394,100"
22,"Donovan Mitchell, G",Cleveland Cavaliers,"$46,394,100"
23,"Anthony Edwards, G",Minnesota Timberwolves,"$45,550,512"
24,"Tyrese Haliburton, G",Indiana Pacers,"$45,550,512"
25,"Pascal Siakam, F",Indiana Pacers,"$45,550,512"
26,"Domantas Sabonis, F",Sacramento Kings,"$43,636,000"
27,"OG Anunoby, F",New York Knicks,"$39,568,966"
28,"Ja Morant, G",Memphis Grizzlies,"$39,446,090"
29,"Darius Garland, G",LA Clippers,"$39,446,090"
30,"James Harden, G",Cleveland Cavaliers,"$39,446,090"
31,"Zion Williamson, F",New Orleans Pelicans,"$39,446,090"
32,"Scottie Barnes, F",Toronto Raptors,"$38,661,750"
33,"Franz Wagner, F",Orlando Magic,"$38,661,750"
34,"Shai Gilgeous-Alexander, G",Oklahoma City Thunder,"$38,333,050"
35,"Michael Porter Jr., F",Brooklyn Nets,"$38,333,050"
36,"Brandon Ingram, F",Toronto Raptors,"$38,095,238"
37,"Tyrese Maxey, G",Philadelphia 76ers,"$37,958,760"
38,"LaMelo Ball, G",Charlotte Hornets,"$37,958,760"
39,"De'Aaron Fox, G",San Antonio Spurs,"$37,096,620"
40,"Bam Adebayo, C",Miami Heat,"$37,096,620"
41,"Desmond Bane, G",Orlando Magic,"$36,725,670"
42,"Kyrie Irving, G",Dallas Mavericks,"$36,566,002"
43,"Jaren Jackson Jr., F",Utah Jazz,"$35,000,000"
44,"Jalen Suggs, G",Orlando Magic,"$35,000,000"
45,"Rudy Gobert, C",Minnesota Timberwolves,"$35,000,000"
46,"Jalen Brunson, G",New York Knicks,"$34,944,001"
47,"Alperen Sengun, C",Houston Rockets,"$33,944,954"
48,"Khris Middleton, F",Dallas Mavericks,"$33,926,296"
49,"Jalen Green, G",Phoenix Suns,"$33,548,499"
50,"Immanuel Quickley, G",Toronto Raptors,"$32,500,000"
51,"Jrue Holiday, G",Portland Trail Blazers,"$32,400,000"
52,"Jerami Grant, F",Portland Trail Blazers,"$32,000,000"
53,"Jordan Poole, G",New Orleans Pelicans,"$31,848,215"
54,"Tyler Herro, G",Miami Heat,"$31,000,000"
55,"Julius Randle, F",Minnesota Timberwolves,"$30,864,198"
56,"Dejounte Murray, G",New Orleans Pelicans,"$30,801,103"
57,"Kristaps Porzingis, C",Golden State Warriors,"$30,731,707"
58,"CJ McCollum, G",Atlanta Hawks,"$30,666,666"
59,"Jalen Johnson, F",Atlanta Hawks,"$30,000,000"
60,"Isaiah Hartenstein, C",Oklahoma City Thunder,"$28,500,000"
61,"Andrew Wiggins, F",Miami Heat,"$28,223,214"
62,"Derrick White, G",Boston Celtics,"$28,100,001"
63,"RJ Barrett, F",Toronto Raptors,"$27,705,357"
64,"Anfernee Simons, G",Chicago Bulls,"$27,678,571"
65,"Devin Vassell, G",San Antonio Spurs,"$27,000,000"
66,"Terry Rozier, G",Miami Heat,"$26,643,031"
67,"Tobias Harris, F",Detroit Pistons,"$26,634,146"
68,"John Collins, F",LA Clippers,"$26,580,000"
69,"Draymond Green, F",Golden State Warriors,"$25,892,857"
70,"Nic Claxton, C",Brooklyn Nets,"$25,352,272"
71,"Myles Turner, C",Milwaukee Bucks,"$25,318,251"
72,"Miles Bridges, F",Charlotte Hornets,"$25,000,000"
73,"Fred VanVleet, G",Houston Rockets,"$25,000,000"
74,"Josh Giddey, G",Chicago Bulls,"$25,000,000"
75,"Trey Murphy III, F",New Orleans Pelicans,"$25,000,000"
76,"Mikal Bridges, G",New York Knicks,"$24,900,000"
77,"Jaden McDaniels, F",Minnesota Timberwolves,"$24,858,622"
78,"DeMar DeRozan, G",Sacramento Kings,"$24,570,000"
79,"De'Andre Hunter, F",Sacramento Kings,"$23,303,571"
80,"Aaron Gordon, F",Denver Nuggets,"$22,841,455"
81,"Jonathan Kuminga, F",Atlanta Hawks,"$22,500,000"
82,"Dillon Brooks, F",Phoenix Suns,"$22,124,110"
83,"Kyle Kuzma, F",Milwaukee Bucks,"$21,810,605"
84,"Kentavious Caldwell-Pope, G",Memphis Grizzlies,"$21,621,500"
85,"Naz Reid, C",Minnesota Timberwolves,"$21,551,724"
86,"Nikola Vucevic, C",Boston Celtics,"$21,481,481"
87,"Cameron Johnson, F",Denver Nuggets,"$21,057,065"
88,"Norman Powell, G",Miami Heat,"$20,482,758"
89,"Jarrett Allen, C",Cleveland Cavaliers,"$20,000,000"
90,"Jakob Poeltl, C",Toronto Raptors,"$19,500,000"
91,"Josh Hart, G",New York Knicks,"$19,472,240"
92,"Jusuf Nurkic, C",Utah Jazz,"$19,375,000"
93,"Collin Sexton, G",Chicago Bulls,"$19,170,000"
94,"Harrison Barnes, F",San Antonio Spurs,"$19,000,000"
95,"Malik Monk, G",Sacramento Kings,"$18,797,618"
96,"Santi Aldama, F",Memphis Grizzlies,"$18,485,916"
97,"Rui Hachimura, F",Los Angeles Lakers,"$18,259,259"
98,"Luguentz Dort, G",Oklahoma City Thunder,"$18,222,222"
99,"Alex Caruso, G",Oklahoma City Thunder,"$18,102,000"
100,"Andrew Nembhard, G",Indiana Pacers,"$18,102,000"
101,"Ivica Zubac, C",Indiana Pacers,"$18,102,000"
102,"Zach Collins, F",Chicago Bulls,"$18,080,496"
103,"Patrick Williams, F",Chicago Bulls,"$18,000,000"
104,"Kevin Huerter, G",Detroit Pistons,"$17,991,071"
105,"Keldon Johnson, F",San Antonio Spurs,"$17,500,000"
106,"Grayson Allen, G",Phoenix Suns,"$16,875,000"
107,"Duncan Robinson, F",Detroit Pistons,"$16,834,692"
108,"Klay Thompson, G",Dallas Mavericks,"$16,666,667"
109,"Bogdan Bogdanovic, G",LA Clippers,"$16,020,000"
110,"Max Strus, G",Cleveland Cavaliers,"$15,936,452"
111,"Terance Mann, G",Brooklyn Nets,"$15,500,000"
112,"Paolo Banchero, F",Orlando Magic,"$15,334,769"
113,"Nickeil Alexander-Walker, G",Atlanta Hawks,"$15,161,800"
114,"Isaiah Stewart, F",Detroit Pistons,"$15,000,000"
115,"Jonathan Isaac, F",Orlando Magic,"$15,000,000"
116,"Onyeka Okongwu, F",Atlanta Hawks,"$15,000,000"
117,"Cooper Flagg, F",Dallas Mavericks,"$14,386,320"
118,"Daniel Gafford, F",Dallas Mavericks,"$14,386,320"
119,"Deni Avdija, F",Portland Trail Blazers,"$14,375,000"
120,"P.J. Washington, F",Dallas Mavericks,"$14,152,174"
121,"Steven Adams, C",Houston Rockets,"$14,130,434"
122,"Damian Lillard, G",Portland Trail Blazers,"$14,104,000"
123,"Caris LeVert, G",Detroit Pistons,"$14,104,000"
124,"Dennis Schroder, G",Cleveland Cavaliers,"$14,104,000"
125,"Obi Toppin, F",Indiana Pacers,"$14,000,000"
126,"Corey Kispert, F",Atlanta Hawks,"$13,975,000"
127,"Austin Reaves, G",Los Angeles Lakers,"$13,937,574"
128,"Herbert Jones, F",New Orleans Pelicans,"$13,937,574"
129,"Chet Holmgren, C",Oklahoma City Thunder,"$13,731,368"
130,"Josh Green, G",Charlotte Hornets,"$13,666,667"
131,"Grant Williams, F",Charlotte Hornets,"$13,645,500"
132,"Bobby Portis, F",Milwaukee Bucks,"$13,580,247"
133,"Kelly Olynyk, F",San Antonio Spurs,"$13,445,122"
134,"Victor Wembanyama, F",San Antonio Spurs,"$13,376,880"
135,"Robert Williams III, C",Portland Trail Blazers,"$13,285,713"
136,"Richaun Holmes, F",Washington Wizards,"$13,280,737"
137,"Zaccharie Risacher, F",Atlanta Hawks,"$13,197,720"
138,"Mitchell Robinson, C",New York Knicks,"$12,954,546"
139,"Coby White, G",Charlotte Hornets,"$12,888,889"
140,"Dorian Finney-Smith, F",Houston Rockets,"$12,700,000"
141,"Brandon Clarke, F",Memphis Grizzlies,"$12,500,000"
142,"Dylan Harper, G",San Antonio Spurs,"$12,370,320"
143,"Isaiah Joe, G",Oklahoma City Thunder,"$12,362,338"
144,"Jabari Smith Jr., F",Houston Rockets,"$12,350,392"
145,"Donte DiVincenzo, G",Minnesota Timberwolves,"$11,990,000"
146,"Brandon Miller, F",Charlotte Hornets,"$11,968,800"
147,"Alex Sarr, C",Washington Wizards,"$11,808,240"
148,"Davion Mitchell, G",Miami Heat,"$11,600,000"
149,"Moses Moody, G",Golden State Warriors,"$11,574,074"
150,"Jarred Vanderbilt, F",Los Angeles Lakers,"$11,571,429"
151,"Matisse Thybulle, G",Portland Trail Blazers,"$11,550,000"
152,"Gabe Vincent, G",Atlanta Hawks,"$11,500,000"
153,"Keegan Murray, F",Sacramento Kings,"$11,144,093"
154,"VJ Edgecombe, G",Philadelphia 76ers,"$11,108,880"
155,"Luke Kornet, C",San Antonio Spurs,"$11,000,000"
156,"Luke Kennard, G",Los Angeles Lakers,"$11,000,000"
157,"Maxi Kleber, F",Los Angeles Lakers,"$11,000,000"
158,"Aaron Nesmith, G",Indiana Pacers,"$11,000,000"
159,"Isaac Okoro, F",Chicago Bulls,"$11,000,000"
160,"Wendell Carter Jr., C",Orlando Magic,"$10,850,000"
161,"Scoot Henderson, G",Portland Trail Blazers,"$10,748,040"
162,"Reed Sheppard, G",Houston Rockets,"$10,603,560"
163,"Jonas Valanciunas, C",Denver Nuggets,"$10,395,000"
164,"T.J. McConnell, G",Indiana Pacers,"$10,200,000"
165,"Royce O'Neale, F",Phoenix Suns,"$10,125,000"
166,"Jaden Ivey, G",Chicago Bulls,"$10,107,163"
167,"Aaron Wiggins, G",Oklahoma City Thunder,"$10,102,802"
168,"Sam Hauser, F",Boston Celtics,"$10,044,643"
169,"Kon Knueppel, G",Charlotte Hornets,"$10,015,680"
170,"Lonzo Ball, G",Cleveland Cavaliers,"$10,000,000"
171,"Derrick Jones Jr., F",LA Clippers,"$10,000,000"
172,"Amen Thompson, G",Houston Rockets,"$9,690,600"
173,"Caleb Martin, F",Dallas Mavericks,"$9,594,044"
174,"Stephon Castle, G",San Antonio Spurs,"$9,560,520"
175,"Buddy Hield, G",Atlanta Hawks,"$9,219,512"
176,"Bennedict Mathurin, G",LA Clippers,"$9,187,573"
177,"Ace Bailey, G",Utah Jazz,"$9,069,840"
178,"Naji Marshall, F",Dallas Mavericks,"$9,000,000"
179,"Jalen Smith, F",Chicago Bulls,"$9,000,000"
180,"Ty Jerome, G",Memphis Grizzlies,"$8,781,000"
181,"Ausar Thompson, G",Detroit Pistons,"$8,775,000"
182,"Brook Lopez, C",LA Clippers,"$8,750,000"
183,"Quentin Grimes, G",Philadelphia 76ers,"$8,741,209"
184,"Cody Martin, SF",Indiana Pacers,"$8,680,000"
185,"Ronald Holland II, F",Detroit Pistons,"$8,657,280"
186,"Sam Merrill, G",Cleveland Cavaliers,"$8,482,143"
187,"Jaylin Williams, F",Oklahoma City Thunder,"$8,450,794"
188,"Shaedon Sharpe, G",Portland Trail Blazers,"$8,399,983"
189,"Kelly Oubre Jr., G",Philadelphia 76ers,"$8,382,150"
190,"Goga Bitadze, C",Orlando Magic,"$8,333,333"
191,"Simone Fontecchio, F",Miami Heat,"$8,307,692"
192,"Tre Johnson, G",Washington Wizards,"$8,237,640"
193,"Georges Niang, F",Memphis Grizzlies,"$8,200,000"
194,"Zeke Nnaji, F",Denver Nuggets,"$8,177,778"
195,"Deandre Ayton, C",Los Angeles Lakers,"$8,104,000"
196,"KJ Martin, F",Utah Jazz,"$8,025,000"
197,"Tre Mann, G",Charlotte Hornets,"$8,000,000"
198,"Tre Jones, G",Chicago Bulls,"$8,000,000"
199,"Kevon Looney, F",New Orleans Pelicans,"$8,000,000"
200,"Anthony Black, G",Orlando Magic,"$7,970,280"
201,"Tidjane Salaun, F",Charlotte Hornets,"$7,863,240"
202,"Josh Okogie, G",Houston Rockets,"$7,750,000"
203,"Max Christie, G",Dallas Mavericks,"$7,714,286"
204,"Dyson Daniels, G",Atlanta Hawks,"$7,707,709"
205,"Jeremiah Fears, G",New Orleans Pelicans,"$7,520,040"
206,"Ayo Dosunmu, G",Minnesota Timberwolves,"$7,518,519"
207,"Bilal Coulibaly, G",Washington Wizards,"$7,275,600"
208,"Payton Pritchard, G",Boston Celtics,"$7,232,143"
209,"Donovan Clingan, C",Portland Trail Blazers,"$7,178,400"
210,"Kenrich Williams, G",Oklahoma City Thunder,"$7,163,000"
211,"Isaiah Jackson, F",LA Clippers,"$7,000,000"
212,"Egor Demin, G",Brooklyn Nets,"$6,889,200"
213,"Clint Capela, C",Houston Rockets,"$6,700,000"
214,"Ousmane Dieng, F",Milwaukee Bucks,"$6,670,882"
215,"Jarace Walker, F",Indiana Pacers,"$6,665,520"
216,"Dean Wade, F",Cleveland Cavaliers,"$6,623,456"
217,"Jalen Williams, G",Oklahoma City Thunder,"$6,580,997"
218,"Rob Dillingham, G",Chicago Bulls,"$6,576,120"
219,"Jalen Duren, C",Detroit Pistons,"$6,483,144"
220,"Ochai Agbaji, G",Brooklyn Nets,"$6,383,525"
221,"Collin Murray-Boyles, F",Toronto Raptors,"$6,332,520"
222,"Mark Williams, C",Phoenix Suns,"$6,276,531"
223,"Ziaire Williams, F",Brooklyn Nets,"$6,250,000"
224,"Day'Ron Sharpe, C",Brooklyn Nets,"$6,250,000"
225,"John Konchar, G",Utah Jazz,"$6,165,000"
226,"Taylor Hendricks, F",Memphis Grizzlies,"$6,127,080"
227,"Saddiq Bey, G",New Orleans Pelicans,"$6,118,644"
228,"Zach Edey, C",Memphis Grizzlies,"$6,045,000"
229,"Khaman Maluach, C",Phoenix Suns,"$6,016,080"
230,"Jaden Hardy, G",Washington Wizards,"$6,000,000"
231,"Jake LaRavia, F",Los Angeles Lakers,"$6,000,000"
232,"Cason Wallace, G",Oklahoma City Thunder,"$5,820,240"
233,"Cody Williams, F",Utah Jazz,"$5,742,480"
234,"Cedric Coward, F",Memphis Grizzlies,"$5,715,120"
235,"D'Angelo Russell, G",Dallas Mavericks,"$5,685,000"
236,"Al Horford, C",Golden State Warriors,"$5,685,000"
237,"Tari Eason, F",Houston Rockets,"$5,675,766"
238,"Nicolas Batum, F",LA Clippers,"$5,601,600"
239,"Jett Howard, G",Orlando Magic,"$5,529,720"
240,"Guerschon Yabusele, F",Chicago Bulls,"$5,500,000"
241,"Matas Buzelis, F",Chicago Bulls,"$5,455,560"
242,"Noa Essengue, F",Chicago Bulls,"$5,429,520"
243,"Kris Dunn, G",LA Clippers,"$5,426,000"
244,"Dario Saric, F",Sacramento Kings,"$5,426,000"
245,"Bradley Beal, G",LA Clippers,"$5,354,000"
246,"Paul Reed, F",Detroit Pistons,"$5,335,894"
247,"Dereck Lively II, C",Dallas Mavericks,"$5,253,360"
248,"Nikola Topic, G",Oklahoma City Thunder,"$5,182,920"
249,"Derik Queen, C",New Orleans Pelicans,"$5,157,960"
250,"Kevin Porter Jr., G",Milwaukee Bucks,"$5,134,000"
251,"Marcus Smart, G",Los Angeles Lakers,"$5,134,000"
252,"Andre Drummond, C",Philadelphia 76ers,"$5,000,000"
253,"Moritz Wagner, F",Orlando Magic,"$5,000,000"
254,"Nick Richards, C",Chicago Bulls,"$5,000,000"
255,"Gradey Dick, G",Toronto Raptors,"$4,990,560"
256,"Malaki Branham, G",Washington Wizards,"$4,962,033"
257,"Devin Carter, G",Sacramento Kings,"$4,923,720"
258,"Christian Braun, G",Denver Nuggets,"$4,921,797"
259,"Carter Bryant, F",San Antonio Spurs,"$4,900,320"
260,"Walker Kessler, C",Utah Jazz,"$4,878,938"
261,"Jordan Hawkins, G",New Orleans Pelicans,"$4,741,320"
262,"Blake Wesley, G",Portland Trail Blazers,"$4,726,328"
263,"Bub Carrington, G",Washington Wizards,"$4,677,600"
264,"Thomas Sorber, C",Oklahoma City Thunder,"$4,655,040"
265,"Jose Alvarado, G",New York Knicks,"$4,500,000"
266,"Nikola Jovic, F",Miami Heat,"$4,445,417"
267,"Kel'el Ware, C",Miami Heat,"$4,443,360"
268,"Yang Hansen, C",Portland Trail Blazers,"$4,422,360"
269,"Peyton Watson, G",Denver Nuggets,"$4,356,476"
270,"Miles McBride, G",New York Knicks,"$4,333,333"
271,"Keyonte George, G",Utah Jazz,"$4,278,960"
272,"Jared McCain, G",Oklahoma City Thunder,"$4,221,360"
273,"Joan Beringer, F",Minnesota Timberwolves,"$4,201,080"
274,"Kevin Love, F",Utah Jazz,"$4,150,000"
275,"Dalton Knecht, F",Los Angeles Lakers,"$4,010,160"
276,"Ryan Rollins, G",Milwaukee Bucks,"$4,000,000"
277,"Dwight Powell, F",Dallas Mavericks,"$4,000,000"
278,"Walter Clayton Jr., G",Memphis Grizzlies,"$3,991,320"
279,"Jaime Jaquez Jr., F",Miami Heat,"$3,861,600"
280,"Nolan Traore, G",Brooklyn Nets,"$3,811,560"
281,"Daniss Jenkins, G",Detroit Pistons,"$3,809,524"
282,"Tristan da Silva, F",Orlando Magic,"$3,809,520"
283,"Gary Trent Jr., G",Milwaukee Bucks,"$3,697,105"
284,"Brandin Podziemski, G",Golden State Warriors,"$3,687,960"
285,"Svi Mykhailiuk, G",Utah Jazz,"$3,675,000"
286,"Kasparas Jakucionis, G",Miami Heat,"$3,658,800"
287,"Ja'Kobe Walter, G",Toronto Raptors,"$3,638,160"
288,"Gary Harris, G",Milwaukee Bucks,"$3,634,153"
289,"Cam Whitmore, F",Washington Wizards,"$3,539,760"
290,"Will Riley, G",Washington Wizards,"$3,512,520"
291,"Jaylon Tyson, G",Cleveland Cavaliers,"$3,492,480"
292,"Eric Gordon, G",Philadelphia 76ers,"$3,468,960"
293,"Jaxson Hayes, C",Los Angeles Lakers,"$3,449,324"
294,"Dominick Barlow, F",Philadelphia 76ers,"$3,415,000"
295,"Noah Clowney, F",Brooklyn Nets,"$3,398,640"
296,"Drake Powell, G",Brooklyn Nets,"$3,372,240"
297,"Yves Missi, C",New Orleans Pelicans,"$3,353,040"
298,"Taurean Prince, F",Milwaukee Bucks,"$3,303,774"
299,"Dariq Whitehead, F",Memphis Grizzlies,"$3,262,560"
300,"Asa Newell, F",Atlanta Hawks,"$3,237,480"
301,"DaRon Holmes II, F",Denver Nuggets,"$3,218,760"
302,"Kris Murray, F",Portland Trail Blazers,"$3,132,000"
303,"Nique Clifford, G",Sacramento Kings,"$3,108,120"
304,"AJ Johnson, G",Dallas Mavericks,"$3,090,480"
305,"De'Anthony Melton, G",Golden State Warriors,"$3,080,921"
306,"Kyle Filipowski, F",Utah Jazz,"$3,000,000"
307,"Ajay Mitchell, G",Oklahoma City Thunder,"$3,000,000"
308,"Julian Champagnie, F",San Antonio Spurs,"$3,000,000"
309,"Shake Milton, SG",Los Angeles Lakers,"$3,000,000"
310,"Jase Richardson, G",Orlando Magic,"$2,983,320"
311,"Kyshawn George, F",Washington Wizards,"$2,966,760"
312,"Marcus Sasser, G",Detroit Pistons,"$2,886,720"
313,"Ben Saraf, G",Brooklyn Nets,"$2,884,560"
314,"Tristan Vukcevic, F",Washington Wizards,"$2,857,143"
315,"Pacome Dadiet, F",New York Knicks,"$2,847,600"
316,"Danny Wolf, F",Brooklyn Nets,"$2,801,280"
317,"Ben Sheppard, G",Indiana Pacers,"$2,790,720"
318,"Hugo Gonzalez, G",Boston Celtics,"$2,783,880"
319,"Liam McNeeley, G",Charlotte Hornets,"$2,763,960"
320,"Dillon Jones, F",New York Knicks,"$2,753,280"
321,"Yanic Konan Niederhauser, C",LA Clippers,"$2,743,800"
322,"DaQuan Jeffries, G",Sacramento Kings,"$2,743,776"
323,"Brice Sensabaugh, F",Utah Jazz,"$2,693,760"
324,"Julian Strawther, G",Denver Nuggets,"$2,674,200"
325,"Terrence Shannon Jr., G",Minnesota Timberwolves,"$2,674,080"
326,"James Wiseman, C",Indiana Pacers,"$2,667,947"
327,"Ryan Dunn, F",Phoenix Suns,"$2,657,760"
328,"Kobe Brown, G",Indiana Pacers,"$2,654,880"
329,"Isaiah Collier, G",Utah Jazz,"$2,638,200"
330,"Baylor Scheierman, G",Boston Celtics,"$2,619,000"
331,"Xavier Tillman, F",Charlotte Hornets,"$2,546,675"
332,"Anthony Gill, F",Washington Wizards,"$2,546,675"
333,"Terence Davis, G",Sacramento Kings,"$2,546,675"
334,"Cam Spencer, G",Memphis Grizzlies,"$2,537,989"
335,"Sandro Mamukelashvili, F",Toronto Raptors,"$2,461,463"
336,"Trendon Watford, F",Philadelphia 76ers,"$2,461,463"
337,"Jericho Sims, C",Milwaukee Bucks,"$2,461,463"
338,"Luka Garza, C",Boston Celtics,"$2,461,463"
339,"Josh Minott, F",Brooklyn Nets,"$2,378,870"
340,"Dru Smith, G",Miami Heat,"$2,378,870"
341,"Justin Champagnie, F",Washington Wizards,"$2,349,578"
342,"Vit Krejci, G",Portland Trail Blazers,"$2,349,578"
343,"Jared Butler, G",Phoenix Suns,"$2,349,578"
344,"Jordan Goodwin, G",Phoenix Suns,"$2,349,578"
345,"Keon Johnson, G",Brooklyn Nets,"$2,349,578"
346,"Jay Huff, C",Indiana Pacers,"$2,349,578"
347,"Jaden Springer, G",New Orleans Pelicans,"$2,349,578"
348,"Neemias Queta, C",Boston Celtics,"$2,349,578"
349,"Vince Williams Jr., G",Utah Jazz,"$2,301,587"
350,"AJ Green, G",Milwaukee Bucks,"$2,301,587"
351,"Keon Ellis, G",Cleveland Cavaliers,"$2,301,587"
352,"Sion James, G",Charlotte Hornets,"$2,296,274"
353,"Ryan Kalkbrenner, C",Charlotte Hornets,"$2,296,274"
354,"Spencer Dinwiddie, PG",Charlotte Hornets,"$2,296,274"
355,"Garrett Temple, G",Toronto Raptors,"$2,296,274"
356,"Chris Paul, G",LA Clippers,"$2,296,274"
357,"Dante Exum, G",Washington Wizards,"$2,296,274"
358,"Chris Boucher, F",Boston Celtics,"$2,296,274"
359,"Lindy Waters III, F",San Antonio Spurs,"$2,296,274"
360,"Jordan McLaughlin, G",San Antonio Spurs,"$2,296,274"
361,"Bismack Biyombo, C",San Antonio Spurs,"$2,296,274"
362,"Drew Eubanks, F",Sacramento Kings,"$2,296,274"
363,"Doug McDermott, F",Sacramento Kings,"$2,296,274"
364,"Russell Westbrook, G",Sacramento Kings,"$2,296,274"
365,"Cole Anthony, G",Milwaukee Bucks,"$2,296,274"
366,"Collin Gillespie, G",Phoenix Suns,"$2,296,274"
367,"Amir Coffey, G",Phoenix Suns,"$2,296,274"
368,"Kyle Lowry, G",Philadelphia 76ers,"$2,296,274"
369,"Landry Shamet, G",New York Knicks,"$2,296,274"
370,"Jordan Clarkson, G",New York Knicks,"$2,296,274"
371,"Bones Hyland, G",Minnesota Timberwolves,"$2,296,274"
372,"Joe Ingles, F",Minnesota Timberwolves,"$2,296,274"
373,"Thanasis Antetokounmpo, F",Milwaukee Bucks,"$2,296,274"
374,"Nigel Hayes-Davis, F",Phoenix Suns,"$2,296,274"
375,"Jae'Sean Tate, F",Houston Rockets,"$2,296,274"
376,"Jeff Green, F",Houston Rockets,"$2,296,274"
377,"Gary Payton II, G",Golden State Warriors,"$2,296,274"
378,"Javonte Green, G",Detroit Pistons,"$2,296,274"
379,"Bruce Brown, G",Denver Nuggets,"$2,296,274"
380,"Tim Hardaway Jr., G",Denver Nuggets,"$2,296,274"
381,"Marvin Bagley III, F",Dallas Mavericks,"$2,296,274"
382,"Thomas Bryant, C",Cleveland Cavaliers,"$2,296,274"
383,"Larry Nance Jr., F",Cleveland Cavaliers,"$2,296,274"
384,"Keaton Wallace, G",Atlanta Hawks,"$2,296,274"
385,"Jock Landale, C",Atlanta Hawks,"$2,296,274"
386,"Maxwell Lewis, F",Brooklyn Nets,"$2,271,677"
387,"Moussa Diabate, F",Charlotte Hornets,"$2,270,735"
388,"Scotty Pippen Jr., G",Memphis Grizzlies,"$2,270,735"
389,"A.J. Lawson, G",Toronto Raptors,"$2,270,735"
390,"JD Davison, G",Houston Rockets,"$2,270,735"
391,"Brandon Williams, G",Dallas Mavericks,"$2,270,735"
392,"DeAndre Jordan, C",New Orleans Pelicans,"$2,269,880"
393,"GG Jackson, F",Memphis Grizzlies,"$2,221,677"
394,"Trayce Jackson-Davis, F",Toronto Raptors,"$2,221,677"
395,"Toumani Camara, F",Portland Trail Blazers,"$2,221,677"
396,"Ricky Council IV, G",Philadelphia 76ers,"$2,221,677"
397,"Jalen Wilson, F",Brooklyn Nets,"$2,221,677"
398,"Hunter Tyson, F",Denver Nuggets,"$2,221,677"
399,"Julian Phillips, F",Minnesota Timberwolves,"$2,221,677"
400,"Andre Jackson Jr., G",Milwaukee Bucks,"$2,221,677"
401,"Gui Santos, F",Golden State Warriors,"$2,221,677"
402,"Colby Jones, G",Detroit Pistons,"$2,221,677"
403,"Jalen Pickett, G",Denver Nuggets,"$2,221,677"
404,"Craig Porter Jr., G",Cleveland Cavaliers,"$2,221,677"
405,"Leonard Miller, F",Chicago Bulls,"$2,221,677"
406,"Jordan Walsh, G",Boston Celtics,"$2,221,677"
407,"Mouhamed Gueye, F",Atlanta Hawks,"$2,221,677"
408,"Duop Reath, C",Portland Trail Blazers,"$2,221,677"
409,"Colin Castleton, C",Orlando Magic,"$2,191,897"
410,"Tyler Kolek, G",New York Knicks,"$2,191,897"
411,"Jaylen Clark, G",Minnesota Timberwolves,"$2,191,897"
412,"Precious Achiuwa, PF",Sacramento Kings,"$2,111,516"
413,"Justin Edwards, F",Philadelphia 76ers,"$2,048,494"
414,"N'Faly Dante, C",Atlanta Hawks,"$2,048,494"
415,"Antonio Reeves, G",Charlotte Hornets,"$1,955,377"
416,"Jaylen Wells, F",Memphis Grizzlies,"$1,955,377"
417,"Jonathan Mogbo, F",Toronto Raptors,"$1,955,377"
418,"Jamal Shead, G",Toronto Raptors,"$1,955,377"
419,"Jamison Battle, F",Toronto Raptors,"$1,955,377"
420,"Oso Ighodaro, F",Phoenix Suns,"$1,955,377"
421,"Adem Bona, C",Philadelphia 76ers,"$1,955,377"
422,"Ariel Hukporti, C",New York Knicks,"$1,955,377"
423,"Pelle Larsson, G",Miami Heat,"$1,955,377"
424,"Keshad Johnson, F",Miami Heat,"$1,955,377"
425,"Bronny James, G",Los Angeles Lakers,"$1,955,377"
426,"Drew Timme, F",Los Angeles Lakers,"$1,955,377"
427,"Cam Christie, G",LA Clippers,"$1,955,377"
428,"Johnny Furphy, G",Indiana Pacers,"$1,955,377"
429,"Isaac Jones, C",Detroit Pistons,"$1,955,377"
430,"Bobi Klintman, F",Detroit Pistons,"$1,955,377"
431,"Tyler Smith, F",Dallas Mavericks,"$1,955,377"
432,"Karlo Matkovic, F",New Orleans Pelicans,"$1,955,377"
433,"Quinten Post, C",Golden State Warriors,"$1,935,377"
434,"Seth Curry, G",Golden State Warriors,"$1,755,198"
435,"Micah Potter, C",Indiana Pacers,"$1,527,805"
436,"Chaz Lanier, G",Detroit Pistons,"$1,372,870"
437,"Pat Connaughton, G",Charlotte Hornets,"$1,315,814"
438,"Micah Peavy, G",New Orleans Pelicans,"$1,272,970"
439,"Maxime Raynaud, C",Sacramento Kings,"$1,272,870"
440,"Rasheer Fleming, F",Phoenix Suns,"$1,272,870"
441,"Johni Broome, F",Philadelphia 76ers,"$1,272,870"
442,"Noah Penda, F",Orlando Magic,"$1,272,870"
443,"Mohamed Diawara, F",New York Knicks,"$1,272,870"
444,"Adou Thiero, F",Los Angeles Lakers,"$1,272,870"
445,"Will Richard, G",Golden State Warriors,"$1,272,870"
446,"Tyrese Proctor, G",Cleveland Cavaliers,"$1,272,870"
447,"Kam Jones, G",Indiana Pacers,"$1,272,870"
448,"Nikola Durisic, F",Atlanta Hawks,"$1,272,870"
449,"Jamir Watkins, G",Washington Wizards,"$1,131,970"
450,"Taj Gibson, F",Memphis Grizzlies,"$960,753"
451,"Dylan Cardwell, C",Sacramento Kings,"$871,000"
452,"Jevon Carter, G",Orlando Magic,"$871,000"
453,"Pat Spencer, G",Golden State Warriors,"$857,804"
454,"Cam Thomas, G",Milwaukee Bucks,"$844,607"
455,"Kobe Bufkin, G",Los Angeles Lakers,"$831,410"
456,"Haywood Highsmith, F",Phoenix Suns,"$827,984"
457,"Jeremy Sochan, F",New York Knicks,"$778,622"
458,"Mike Conley, G",Minnesota Timberwolves,"$725,834"
459,"Jabari Walker, F",Philadelphia 76ers,"$724,598"
460,"Bryce McGowens, G",New Orleans Pelicans,"$724,598"
461,"Nae'Qwan Tomlin, F",Cleveland Cavaliers,"$718,150"
462,"Cameron Payne, PG",Philadelphia 76ers,"$712,637"
463,"Jordan Miller, G",LA Clippers,"$712,637"
464,"Caleb Houstan, G",Atlanta Hawks,"$699,440"
465,"Sidy Cissoko, G",Portland Trail Blazers,"$688,243"
466,"Spencer Jones, F",Denver Nuggets,"$623,967"
467,"Quenton Jackson, G",Indiana Pacers,"$601,553"
468,"Mason Plumlee, C",San Antonio Spurs,"$593,864"
469,"Jamaree Bouyea, G",Phoenix Suns,"$574,210"
470,"Kyle Anderson, F",Minnesota Timberwolves,"$567,470"
471,"Olivier-Maxence Prosper, F",Memphis Grizzlies,"$527,879"
472,"Tyus Jones, G",Denver Nuggets,"$514,682"
473,"Amari Williams, F",Boston Celtics,"$490,128"
474,"Myron Gardner, F",Miami Heat,"$395,029"
475,"Ryan Nembhard, G",Dallas Mavericks,"$321,875"
